Google Trends,
https://trends.google.com/trends/explore?date=2017-10-01%202018-05-01&geo=US&q=%2Fm%2F0jm2v,%2Fm%2F0jmfv,%2Fm%2F0jm4b,
https://trends.google.com/trends/explore?date=2017-10-01%202018-05-01&geo=US&q=%2Fm%2F0jm2v,%2Fm%2F0jmmn,%2Fm%2F0jmdb,
https://trends.google.com/trends/explore?date=2017-10-01%202018-05-01&geo=US&q=%2Fm%2F0jm2v,%2Fm%2F0jm64,%2Fm%2F0jm6n,
https://trends.google.com/trends/explore?date=2017-10-01%202018-05-01&geo=US&q=%2Fm%2F0jm2v,%2Fm%2F0jmcv,%2Fm%2F01k8vh,
https://trends.google.com/trends/explore?date=2017-10-01%202018-05-01&geo=US&q=%2Fm%2F0jm2v,%2Fm%2F0jm9w,%2Fm%2F0jml5,
https://trends.google.com/trends/explore?date=2017-10-01%202018-05-01&geo=US&q=%2Fm%2F0jm2v,%2Fm%2F0jmm4,%2Fm%2F0jmhr,
https://trends.google.com/trends/explore?date=2017-10-01%202018-05-01&geo=US&q=%2Fm%2F0jm2v,%2Fm%2F0jm5b,%2Fm%2F0jm8l,
https://trends.google.com/trends/explore?date=2017-10-01%202018-05-01&geo=US&q=%2Fm%2F0jm2v,%2Fm%2F0jmjr,%2Fm%2F0jmgb,
https://trends.google.com/trends/explore?date=2017-10-01%202018-05-01&geo=US&q=%2Fm%2F0jm2v,%2Fm%2F0jm3b,%2Fm%2F0jmbv,
https://trends.google.com/trends/explore?date=2017-10-01%202018-05-01&geo=US&q=%2Fm%2F0jm2v,%2Fm%2F0jmcb,%2Fm%2F0jm74,
https://trends.google.com/trends/explore?date=2017-10-01%202018-05-01&geo=US&q=%2Fm%2F0jm2v,%2Fm%2F0jm3v,%2Fm%2F0jm4v,
https://trends.google.com/trends/explore?date=2017-10-01%202018-05-01&geo=US&q=%2Fm%2F0jm2v,%2Fm%2F0jmfb,%2Fm%2F04cxw5b,
https://trends.google.com/trends/explore?date=2017-10-01%202018-05-01&geo=US&q=%2Fm%2F0jm2v,%2Fm%2F0jmh7,%2Fm%2F0jmk7,
https://trends.google.com/trends/explore?date=2017-10-01%202018-05-01&geo=US&q=%2Fm%2F0jm2v,%2Fm%2F0bwjj,%2Fm%2F0jmj7,
https://trends.google.com/trends/explore?date=2017-10-01%202018-05-01&geo=US&q=%2Fm%2F0jm2v,%2Fm%2F0jm7n